Rang;Type de document;Réservations;Titre;Auteur
24;;255.0;Le miracle Spinoza [Texte imprimé] : une philosophie pour éclairer notre vie;Lenoir, Frédéric
32;Livre adulte;216.0;My absolute darling;Tallent, Gabriel
56;DVD nouveautés tous publics;170.0;Detroit [Images animées];
85;Nouveauté;138.0;Le suspendu de Conakry;Rufin, Jean-Christophe
99;Livre adulte;126.0;A la lumière du petit matin : roman;Martin-Lugand, Agnès
130;DVD > 12 ans;112.0;Good Time [Images animées];
131;Nouveauté;111.0;Vie de David Hockney [Texte imprimé];Cusset, Catherine
134;;110.0;Qui a tué mon père;Louis, Édouard
164;DVD tous publics;100.0;I am not your negro [Images animées];
180;Livre jeunesse;94.0;A la mode de chez nous [Texte imprimé];Cazenove
286;Nouveauté;71.0;Les huit montagnes [Texte imprimé] : roman;Cognetti, Paolo
368;Livre adulte;62.0;Le pouvoir du moment présent : guide d'éveil spirituel [Texte imprimé];Tolle, Eckhart
411;DVD tous publics;58.0;Harry Potter à l'école des sorciers [Images animées];Columbus, Chris
413;Livre adulte;57.0;Au fond de l'eau;Hawkins, Paula
419;Livre adulte;57.0;Tension extrême [Texte imprimé] : roman;Forge, Sylvain
427;DVD nouveautés tous publics;56.0;Paddington [Images animées];
447;;55.0;Le chasseur de lapins;Kepler, Lars
512;Nouveauté;50.0;Betty Boob;Cazot, Véronique
525;Nouveauté;50.0;Rien ne s'oppose à la nuit : roman;Vigan, Delphine de
559;DVD jeunesse;48.0;Dans un recoin de ce monde [images animées];
566;Bande dessinée jeunesse;47.0;Un prince à croquer [Texte imprimé]. 4. Dessert;Lyfoung, Patricia
582;Bande dessinée jeunesse;46.0;Sauve qui peut [Texte imprimé];Didier, Anne
588;;46.0;La guerre des métaux rares [Texte imprimé] : la face cachée de la transition énergétique et numérique;Pitron, Guillaume
606;Nouveauté;45.0;Notre vie dans les forêts [Texte imprimé];Darrieussecq, Marie
607;Livre adulte;45.0;Vietnam [Texte imprimé] : 2018;Gloaguen, Philippe
612;Nouveauté;45.0;Passage des ombres [Texte imprimé];Arnaldur Indriđason
623;Livre adulte;44.0;Grèce [Texte imprimé];
658;Bande dessinée jeunesse;42.0;Les filles au chocolat [Texte imprimé]. 2. Coeur guimauve;Sébastien, Raymond
688;Livre jeunesse;41.0;Le canard calé [Texte imprimé];Guibert, Emmanuel
711;Nouveauté;40.0;Arrête avec tes mensonges [Texte imprimé] : roman;Besson, Philippe
720;Nouveauté;40.0;Le syndrome de Garcin [Texte imprimé] : récit;Garcin, Jérôme
726;DVD tous publics;40.0;Harry Potter et la chambre des secrets [Images animées];Columbus, Chris
732;Livre adulte;39.0;Bretagne Nord [Texte imprimé] : 2017;Gloaguen, Philippe
735;Livre adulte;39.0;Selfies;Adler-Olsen, Jussi
748;DVD nouveautés tous publics;39.0;Le retour du Héros [Images animées];
749;Bande dessinée jeunesse;39.0;La pierre de Jovénia [Texte imprimé];Sobral, Patrick
845;DVD tous publics;35.0;The Night Of [Images animées];
862;Livre adulte;35.0;Le labyrinthe des esprits [Texte imprimé] : roman;Ruiz Zafón, Carlos
878;DVD tous publics;34.0;Retour à Forbach [Images animées];
923;Bande dessinée jeunesse;33.0;Bisbille fait mouche;Guibert, Emmanuel
6;Nouveauté;519.0;Les loyautés;Vigan, Delphine de
13;Nouveauté;366.0;L'ordre du jour [Texte imprimé] : récit;Vuillard, Éric
53;Bande dessinée adulte;171.0;Une jeunesse au Moyen-Orient [Texte imprimé] : 1985-1987;Sattouf, Riad
62;Livre adulte;163.0;La servante écarlate;Atwood, Margaret
75;Bande dessinée adulte;146.0;L'Arabe du futur [Texte imprimé]. 2. Une jeunesse au Moyen-Orient, 1984-1985;Sattouf, Riad
140;Nouveauté;108.0;Sans défense;Coben, Harlan
198;Nouveauté;89.0;Chanson de la ville silencieuse [Texte imprimé] : roman;Adam, Olivier
212;CD adulte;86.0;Rest [Enregistrement sonore];Gainsbourg, Charlotte
219;Livre adulte;84.0;Au petit bonheur la chance ! [Texte imprimé];Valognes, Aurélie
281;DVD tous publics;72.0;Peaky Blinders [Images animées]. saison 4;
304;Livre adulte;69.0;Ta deuxième vie commence quand tu comprends que tu n'en as qu'une;Giordano, Raphaëlle
326;DVD tous publics;67.0;Borg/McEnroe [Images animées];
353;DVD tous publics;64.0;D'après une histoire vraie [Images animées];
355;Bande dessinée jeunesse;63.0;La rose écarlate [Texte imprimé]. 12. Tu m'as ouvert les yeux;Lyfoung, Patricia
366;DVD nouveautés tous publics;62.0;Tout l'argent du monde [Images animées];
367;Bande dessinée jeunesse;62.0;Coeur du passé [Texte imprimé];Sobral, Patrick
383;DVD tous publics;60.0;Demain [Images animées];
426;Bande dessinée jeunesse;57.0;Aube et crépuscule [Texte imprimé];Sobral, Patrick
460;DVD nouveautés tous publics;53.0;Sage femme [Images animées];
474;DVD tous publics;52.0;Peaky Blinders [Images animées]. Saison 2;
519;DVD tous publics;50.0;Une femme douce [Images animées];
532;Bande dessinée jeunesse;49.0;Le coq sportif [Texte imprimé];Guibert, Emmanuel
545;Bande dessinée jeunesse;49.0;Les légendaires : Les origines. 03. Gryfenfer [Texte imprimé];Sobral, Patrick
549;Livre adulte;48.0;Histoire mondiale de la France [Texte imprimé];
555;Livre adulte;48.0;Classé sans suite : roman;Magris, Claudio
570;Nouveauté;47.0;Zabor ou Les psaumes : roman;Daoud, Kamel
599;Livre jeunesse;45.0;Les royaumes de feu [Texte imprimé]. 5. La nuit-la-plus-claire;Sutherland, T.T.
620;DVD tous publics;44.0;Downton Abbey [Images animées]. saison 6;
635;CD adulte;44.0;Who's happy? [Enregistrement sonore];
651;Nouveauté;43.0;Sauvez votre peau ! : devenez narcissique;Midal, Fabrice
669;Livre adulte;42.0;Romans et nouvelles [Texte imprimé] : 1959-1977;Roth, Philip
681;Bande dessinée adulte;41.0;La terre des fils [Texte imprimé];Gipi
691;DVD > 12 ans;41.0;Paris etc. [Images animées]. saison 1;
714;DVD tous publics;40.0;Neruda [Images animées];
723;Livre adulte;40.0;La saison des feux [Texte imprimé];Ng, Celeste
731;Livre adulte;39.0;Nos adorables belles-filles [Texte imprimé];Valognes, Aurélie
736;DVD > 16 ans;39.0;Versailles [Images animées]. saison 2;
756;Nouveauté;38.0;Fendre l'armure;Gavalda, Anna
770;Bande dessinée jeunesse;38.0;One-punch man [Texte imprimé]. 9. Un minimum de respect;Murata, Yusuke
773;CD adulte;38.0;Shadow people [Enregistrement sonore];
787;Livre adulte;37.0;La daronne [Texte imprimé];Cayre, Hannelore
791;Livre jeunesse;37.0;A feu et à sang [Texte imprimé];Hunter, Erin
799;Livre adulte;37.0;Le Dieu des Petits Riens [Texte imprimé];Roy, Arundhati
814;;36.0;Le dompteur de lions;Läckberg, Camilla
836;Bande dessinée ado;36.0;Fairy Tail. 2 [Texte imprimé];Mashima, Hiro
876;;34.0;La Belle et le loup [Texte imprimé]. 1;Lyfoung, Patricia
893;;34.0;Et tu n'es pas revenu [Texte imprimé];Loridan-Ivens, Marceline
918;DVD tous publics;33.0;Seule la Terre [Images animées];
935;Nouveauté;32.0;La beauté des jours : roman;Gallay, Claudie
967;Nouveauté;31.0;Comme une rivière bleue [Texte imprimé] : Paris 1871 : roman;Audin, Michèle
978;DVD tous publics;31.0;Coexister [Images animées];
22;Livre adulte;258.0;La symphonie du hasard. 1;Kennedy, Douglas
25;DVD nouveautés tous publics;251.0;120 battements par minute [Images animées];
26;Livre adulte;244.0;4 3 2 1;Auster, Paul
27;DVD tous publics;241.0;Petit paysan [Images animées];
31;DVD tous publics;223.0;The Handmaid's Tale [Images animées]. saison 1;
48;DVD > 12 ans;181.0;Le bureau des légendes [Images animées]. saison 3;
58;Livre adulte;168.0;Les Bourgeois : roman;Ferney, Alice
65;DVD > 12 ans;159.0;Engrenages [Images animées]. saison 6;
69;Livre adulte;153.0;Une colonne de feu;Follett, Ken
71;Livre adulte;151.0;Entre deux mondes;Norek, Olivier
86;Bande dessinée adulte;137.0;Une jeunesse au Moyen-Orient, 1978-1984;Sattouf, Riad
88;Nouveauté;135.0;La femme de l'ombre;Arnaldur Indriđason
100;;125.0;En attendant Bojangles [Texte imprimé] : roman;Bourdeaut, Olivier
151;DVD nouveautés tous publics;105.0;Atomic blonde [Images animées];
163;Bande dessinée jeunesse;100.0;Elle a tellement changé [Texte imprimé];Lyfoung, Patricia
253;;77.0;Soumission [Texte imprimé];Houellebecq, Michel
263;DVD nouveautés tous publics;74.0;Moi, Daniel Blake [Images animées];
302;DVD tous publics;69.0;Paterson [Images animées];
308;DVD tous publics;69.0;La Tour sombre [images animées];
309;Nouveauté;69.0;Et moi, je vis toujours [Texte imprimé];Ormesson, Jean d'
313;Livre adulte;68.0;Sicile [Texte imprimé];Clark, Gregor
339;Livre adulte;65.0;3 minutes à méditer [Multimédia multisupport];André, Christophe
394;DVD jeunesse;59.0;Ballerina [Images animées];
409;DVD tous publics;58.0;Maryline [Images animées];
423;DVD jeunesse;57.0;Zombillénium [Images animées];
436;Livre adulte;56.0;La ruée vers l'Europe [Texte imprimé] : la jeune Afrique en route pour le Vieux Continent;Smith, Stephen
438;Bande dessinée jeunesse;56.0;Sang royal;Sobral, Patrick
453;DVD tous publics;54.0;Cherchez la femme [Images animées];
498;Livre adulte;51.0;La douleur [Texte imprimé];Duras, Marguerite
509;Livre adulte;50.0;Sicile [Texte imprimé] : 2017;Gloaguen, Philippe
515;Livre adulte;50.0;Psychothérapie de Dieu;Cyrulnik, Boris
521;;50.0;Plus jamais seul;Férey, Caryl
539;CD adulte;49.0;44/876 [enregistrement sonore];Sting
585;Livre adulte;46.0;Le couple d'à côté : roman;Lapena, Shari
631;Livre adulte;44.0;Cette chose étrange en moi [Texte imprimé];Pamuk, Orhan
634;DVD nouveautés tous publics;44.0;Valérian et la Cité des mille planètes [Images animées];
701;Bande dessinée jeunesse;41.0;Oohiohioo !;Didier, Anne
702;Bande dessinée jeunesse;41.0;Les terres basses;Vehlmann, Fabien
733;DVD jeunesse;39.0;Miss Peregrine et les enfants particuliers [images animées];
764;DVD tous publics;38.0;Le jour d'après [Images animées];
779;DVD tous publics;38.0;La grande vadrouille [images animées];
796;CD adulte;37.0;Nues [Enregistrement sonore];
802;Bande dessinée jeunesse;37.0;Studio danse. 2 [Texte imprimé];Béka
803;Revue adulte;37.0;Le Point [texte imprimé];
810;DVD jeunesse;37.0;Belle et Sébastien [Images animées];
824;Livre adulte;36.0;Poupée volée;Ferrante, Elena
828;Bande dessinée adulte;36.0;Ar-men [Texte imprimé] : l'enfer des enfers;Lepage, Emmanuel
849;Livre adulte;35.0;Danemark, Suède [Texte imprimé] : 2017-2018;Gloaguen, Philippe
859;Nouveauté;35.0;T'en souviens-tu, mon Anaïs ? : et autres nouvelles;Bussi, Michel
868;;35.0;Si seulement...;Dequier, Bruno
877;;34.0;L'aimant [Texte imprimé];Harari, Lucas
884;CD adulte;34.0;Chapter one [enregistrement sonore];
901;DVD nouveautés tous publics;33.0;Sully [Images animées] : Droit de prêt et consultation;
902;Livre adulte;33.0;Sicile [Texte imprimé];
912;;33.0;Depuis l'au-delà;Werber, Bernard
916;Nouveauté;33.0;Tyler Cross. 3. Miami;Nury, Fabien
920;Bande dessinée jeunesse;33.0;Chi, une vie de chat. 2;Konami, K.
944;DVD > 12 ans;32.0;The age of Shadows [Images animées];
950;Bande dessinée ado;32.0;Je savais que je te rencontrerais [Texte imprimé];Lyfoung, Patricia
960;DVD tous publics;31.0;Hunger Games [Images animées] : la révolte. partie 2;
964;Livre adulte;31.0;Je pense trop : comment canaliser ce mental envahissant;Petitcollin, Christel
996;Nouveauté jeunesse;30.0;Fairy Tail [Texte imprimé]. 56;Mashima, Hiro
35;DVD tous publics;212.0;La La Land [Images animées];
37;;209.0;Vernon Subutex [Texte imprimé]. 1;Despentes, Virginie
80;Livre adulte;141.0;Sur un mauvais adieu;Connelly, Michael
90;;132.0;Et si l'amour c'était aimer ? [Texte imprimé];Fabcaro
107;DVD > 12 ans;123.0;Bienvenue à Suburbicon [Images animées];
109;DVD tous publics;122.0;Le bureau des légendes [Images animées]. saison 2;
115;Livre adulte;118.0;La communauté;Bacqué, Raphaëlle
120;Non empruntable;116.0;A la pêche aux nouilles ! [Texte imprimé];Mr Tan
138;DVD nouveautés tous publics;109.0;Logan Lucky [Images animées];
147;Nouveauté;106.0;Souvenirs dormants;Modiano, Patrick
153;;103.0;Ta deuxième vie commence quand tu comprends que tu n'en as qu'une [Texte imprimé];Giordano, Raphaëlle
157;;102.0;Entrez dans la danse;Teulé, Jean
176;Livre adulte;94.0;La servante écarlate [Texte imprimé];Atwood, Margaret
194;Livre adulte;90.0;L'héritage des espions;Le Carré, John
210;Nouveauté;86.0;Minute, papillon ! [Texte imprimé];Valognes, Aurélie
226;Livre adulte;83.0;Trop intelligent pour être heureux ? [Texte imprimé] : l'adulte surdoué;Siaud-Facchin, Jeanne
239;DVD tous publics;80.0;Le dernier vice-roi des Indes [Images animées];
258;Bande dessinée jeunesse;76.0;Frères ennemis [Texte imprimé];Sobral, Patrick
293;Livre ado;71.0;Les fiancés de l'hiver [texte imprimé];Dabos, Christelle
301;Bande dessinée jeunesse;69.0;My hero academia [Texte imprimé]. 7. Katsuki Bakugo : les origines;Horikoshi, Kohei
318;Livre adulte;68.0;La semaine de 4 heures : travaillez moins, gagnez plus et vivez mieux ! [Texte imprimé];Ferriss, Timothy
322;Livre adulte;67.0;Les chiffonniers de Paris;Compagnon, Antoine
333;Nouveauté;66.0;Un été avec Homère [Texte imprimé];Tesson, Sylvain
338;Bande dessinée jeunesse;66.0;Pas de pitié pour les nazebroques ! [Texte imprimé];Tan
387;Nouveauté musique;60.0;Blitz [Enregistrement sonore];Fields, Duggie
405;DVD tous publics;58.0;Better call Saul. Saison 3 [Images animées];
408;DVD nouveautés tous publics;58.0;L'école buissonnière [Images animées];
433;DVD tous publics;56.0;Churchill [Images animées];
437;DVD tous publics;56.0;Marvin ou la belle éducation [Images animées];
462;Nouveauté;53.0;Souvenirs de la marée basse [Texte imprimé];Thomas, Chantal
464;DVD tous publics;53.0;La momie [Images animées];
466;DVD tous publics;53.0;Creepy [Images animées];
528;DVD tous publics;50.0;Harry Potter et les reliques de la mort. 2eme partie [Images animées];
533;Livre adulte;49.0;Les mémoires d'un chat;Arikawa, Hiro
541;Livre adulte;49.0;La tache [Texte imprimé] : roman;Roth, Philip
597;DVD > 16 ans;45.0;Game of thrones. L'intégrale de la cinquième saison [Images animées];
605;DVD > 16 ans;45.0;Brimstone [Images animées];
611;Nouveauté;45.0;Les guerres de mon père [Texte imprimé] : roman;Schneck, Colombe
624;DVD tous publics;44.0;Toni Erdmann [Images animées];
646;Livre adulte;43.0;Petit pays : roman;Faye, Gael
665;Livre adulte;42.0;Ma reine;Andrea, Jean-Baptiste
668;Livre adulte;42.0;Le mythe de la virilité : un piège pour les deux sexes;Gazalé, Olivia
677;Bande dessinée jeunesse;42.0;Les nombrils. 6. Un été trop mortel !;Delaf
679;Livre adulte;41.0;Le mystère Henri Pick;Foenkinos, David
692;DVD tous publics;41.0;Téhéran tabou [Images animées];
755;DVD tous publics;38.0;Raid dingue [Images animées];
792;Bande dessinée jeunesse;37.0;Boruto : Naruto next generations. 2;Kodachi, Ukyo
807;Bande dessinée jeunesse;37.0;Les trois baudets;Guibert, Emmanuel
895;Livre adulte;33.0;La servante écarlate;Atwood, Margaret
896;Bande dessinée adulte;33.0;Joséphine Baker [Texte imprimé];Bocquet, José-Louis
898;Nouveauté;33.0;Article 353 du Code pénal [Texte imprimé];Viel, Tanguy
899;Livre jeunesse;33.0;En scène ! [Texte imprimé]. 2;Cuvie
903;Nouveauté;33.0;Les chuchoteurs;Kirkman, Robert
905;Bande dessinée jeunesse;33.0;Boruto [Texte imprimé] : Naruto next generations. 1;Kodachi, Ukyo
941;Nouveauté;32.0;La politique est un sport de combat [Texte imprimé];Gantzer, Gaspard
961;Livre sonore adulte;31.0;Le Cercle des poètes disparus [images animées];
998;Livre ado;30.0;La faucheuse : roman. Livre 1 [Texte imprimé];Shusterman, Neal
54;Livre adulte;171.0;La fille qui rendait coup pour coup;Lagercrantz, David
67;Livre adulte;155.0;Le livre des Baltimore : roman;Dicker, Joël
68;DVD tous publics;154.0;Le bureau des légendes [Images animées];
70;Livre adulte;152.0;La promesse de l'aube [Texte imprimé];Gary, Romain
101;DVD > 12 ans;125.0;Get Out [Images animées];
145;Nouveauté jeunesse;106.0;My hero academia. 2. Déchaîne-toi, maudit nerd !;Horikoshi, Kohei
233;Livre adulte;82.0;Retour à Séfarad [Texte imprimé];Assouline, Pierre
247;DVD > 12 ans;79.0;Hitman & Bodyguard [Images animées];
261;DVD tous publics;75.0;Downsizing [images animées];
262;Bande dessinée jeunesse;75.0;Griffes et plumes [Texte imprimé];Sobral, Patrick
264;DVD tous publics;74.0;Moonlight [Images animées];
268;Livre adulte;74.0;La femme à la fenêtre [Texte imprimé] : roman;Finn, A. J.
278;Livre adulte;72.0;Le dossier M;Bouillier, Grégoire
295;DVD tous publics;70.0;Carbone [Images animées];
327;Bande dessinée jeunesse;67.0;Main du futur [Texte imprimé];Sobral, Patrick
346;Livre adulte;64.0;D'après une histoire vraie [Texte imprimé];Vigan, Delphine de
372;DVD nouveautés tous publics;61.0;Vaiana, la légende du bout du monde [Images animées] : Droit de prêt seulement;
375;CD adulte;61.0;Petite amie [enregistrement sonore];Armanet, Juliette
376;Livre adulte;61.0;Le parfum du bonheur est plus fort sous la pluie;Grimaldi, Virginie
379;DVD nouveautés tous publics;61.0;Song to song [Images animées];
397;CD adulte;59.0;Personne d'autre [Enregistrement sonore];
445;DVD > 12 ans;55.0;Twin Peaks : The Return [Images animées]. saison 3;
448;DVD tous publics;55.0;Thelma [images animées];
463;Nouveauté;53.0;Fairy Tail. 59;Mashima, Hiro
475;Livre adulte;52.0;Sur les chemins noirs [Texte imprimé];Tesson, Sylvain
552;Bande dessinée adulte;48.0;La guerre de Catherine [Texte imprimé];Billet, Julia
554;DVD tous publics;48.0;Louise en hiver [Images animées];
577;Livre adulte;47.0;Toutes blessent, la dernière tue : vulnerant omnes, ultima necat : roman;Giebel, Karine
583;Livre adulte;46.0;C'est le coeur qui lâche en dernier;Atwood, Margaret
593;DVD jeunesse;46.0;Harry Potter et le Prince de sang-mêlé [Images animées];Yates, David
598;Livre adulte;45.0;Iles grecques et Athènes [Texte imprimé];
609;DVD jeunesse;45.0;Et les mistrals gagnants [Images animées];
667;;42.0;Star à domicile;Nob
698;Livre jeunesse;41.0;Les cairns rouges [Texte imprimé];Vehlmann, Fabien
699;Bande dessinée adulte;41.0;Grasse carcasse;Larcenet, Manu
738;CD adulte;39.0;Lilies [Enregistrement sonore];De Biasio, Mélanie
758;Livre adulte;38.0;Mécaniques du chaos [Texte imprimé];Rondeau, Daniel
761;DVD tous publics;38.0;Ava [Images animées];
769;DVD nouveautés tous publics;38.0;On the milky road [Images animées];
780;Bande dessinée jeunesse;38.0;Anatole Latuile. 6. Pas de panique !;Didier, Anne
781;Livre adulte;38.0;Le bûcher des vanités [Texte imprimé];Wolfe, Tom
840;Bande dessinée jeunesse;36.0;Studio danse. 5;Crip
842;Livre adulte;36.0;Parler pour que les enfants écoutent, écouter pour que les enfants parlent;Faber, Adele
856;DVD > 12 ans;35.0;HHhH [Images animées];
873;DVD tous publics;34.0;Réparer les vivants [Images animées];
879;Livre adulte;34.0;La révolution du batch cooking [Texte imprimé] : préparez le week-end, assemblez la semaine;Loiseau, Anne
975;;31.0;L'enfant perdue;Ferrante, Elena
18;Livre adulte;307.0;Le lambeau;Lançon, Philippe
43;DVD tous publics;188.0;The Square [Images animées];
106;DVD tous publics;123.0;Le redoutable [Images animées];
168;DVD nouveautés tous publics;99.0;Kingsman 2 [Images animées] : le cercle d'or;
169;Livre jeunesse;98.0;Mortelle Adèle. 3. C'est pas ma faute !;Tan
170;;97.0;L'origine du monde [Texte imprimé];Strömquist, Liv
172;DVD tous publics;96.0;Le grand jeu [Images animées];
192;Bande dessinée adulte;90.0;L'homme gribouillé [Texte imprimé];Lehman, Serge
209;DVD nouveautés tous publics;86.0;Rogue One [Images animées] : A Star War Story;
220;DVD tous publics;84.0;La Villa [images animées];
248;DVD > 12 ans;77.0;Game of Thrones [Images animées] : le trône de fer. l'intégrale de la saison 6;
250;Livre adulte;77.0;Encore vivant;Souchon, Pierre
252;Livre adulte;77.0;Calme et attentif comme une grenouille : la méditation pour les enfants... avec leurs parents [Enregistrement sonore];Snel, Eline
266;DVD tous publics;74.0;Les grands esprits [Images animées];
277;DVD tous publics;72.0;Problemos [Images animées];
292;;71.0;Méditer, jour après jour : 25 leçons pour vivre en pleine conscience;André, Christophe
298;;69.0;Les royaumes de feu [Texte imprimé]. 3. Au coeur de la jungle;Sutherland, T.T.
311;Bande dessinée jeunesse;69.0;C'est nikol crème !;Cazenove, Christophe
335;Livre jeunesse;66.0;Le cycle d'Anathos : la marque du destin;Sobral, Patrick
343;;65.0;La petite fille sur la banquise [Texte imprimé];Bon, Adélaïde
344;;65.0;La confiance en soi, une philosophie [Texte imprimé];Pépin, Charles
369;Bande dessinée jeunesse;62.0;La quatrième dimension et demie;Vehlmann, Fabien
370;Bande dessinée adulte;61.0;La différence invisible [Texte imprimé];Dachez, Julie
371;DVD tous publics;61.0;Captain Fantastic [Images animées];
378;DVD tous publics;61.0;Broadchurch [Images animées]. saison 3;
385;Livre adulte;60.0;Canaries [Texte imprimé] : 2018;Gloaguen, Philippe
429;Livre adulte;56.0;Tout le monde n'a pas eu la chance de rater ses études : comment devenir libre, vivre à fond et réussir en dehors du système;Roland, Olivier
432;;56.0;Le piège de glace [Texte imprimé];Sutherland, T.T.
452;Livre adulte;54.0;Summer [Texte imprimé];Sabolo, Monica
456;Livre jeunesse;54.0;Carrément claustro;Kinney, Jeff
471;Nouveauté musique;53.0;Sainte Victoire [Enregistrement sonore];
476;Livre adulte;52.0;Portugal [Texte imprimé] : 2017;Gloaguen, Philippe
511;Livre adulte;50.0;La salle de bal;Hope, Anna
517;Livre adulte;50.0;La parole est un sport de combat;Périer, Bertrand
560;DVD tous publics;48.0;This Is Us [Images animées]. saison 1;
608;DVD tous publics;45.0;Tunnel [Images animées];
649;Livre adulte;43.0;La guerre des intelligences : comment l'intelligence artificielle va révolutionner l'éducation;Alexandre, Laurent
664;Livre adulte;42.0;Lisbonne [Texte imprimé] : 2017;Gloaguen, Philippe
696;Livre adulte;41.0;Le journal de ma disparition [Texte imprimé];Grebe, Camilla
728;;39.0;Dad. 1. Filles à papa;Nob
743;DVD tous publics;39.0;Gabriel et la montagne [Images animées];
751;Bande dessinée jeunesse;39.0;Personne en vue !;Didier, Anne
752;Livre adulte;38.0;Colombie [Texte imprimé];Egerton, Alex
785;Livre jeunesse;37.0;Gardiens des cités perdues. 4. Les Invisibles;Messenger, Shannon
841;Bande dessinée jeunesse;36.0;Danaël;Sobral, Patrick
860;Nouveauté;35.0;Le chagrin d'aimer [Texte imprimé];Brisac, Geneviève
881;Livre adulte;34.0;Quelle n'est pas ma joie [Texte imprimé];Grondahl, Jens Christian
910;Livre adulte;33.0;Où en sommes-nous ? : une esquisse de l'histoire humaine;Todd, Emmanuel
946;Livre jeunesse;32.0;Retour à l'état sauvage [Texte imprimé];Hunter, Erin
957;DVD nouveautés tous publics;31.0;Le labyrinthe [images animées];
965;Livre jeunesse;31.0;Le loup en slip [Texte imprimé];Lupano
973;Livre adulte;31.0;Morales provisoires [Texte imprimé];Enthoven, Raphaël
5;Livre adulte;539.0;La disparition de Stephanie Mailer;Dicker, Joël
14;Livre adulte;350.0;La disparition de Josef Mengele [Texte imprimé];Guez, Olivier
39;Livre adulte;199.0;Falaise des fous [Texte imprimé] : roman;Grainville, Patrick
79;Livre adulte;144.0;Sentinelle de la pluie;Rosnay, Tatiana de
91;Livre adulte;132.0;La symphonie du hasard. 2;Kennedy, Douglas
108;DVD tous publics;123.0;Star Wars : les derniers Jedi [Images animées];
110;Livre adulte;122.0;Origine;Brown, Dan
121;DVD jeunesse;116.0;Spider-Man : Homecoming [Images animées];
132;DVD tous publics;111.0;Barry Seal [Images animées] : American Traffic;
161;Livre jeunesse;101.0;Mortelle Adèle. 2. L'enfer c'est les autres;Tan
167;;99.0;Alors que j'essayais d'être quelqu'un de bien [Texte imprimé];Lust, Ulli
207;DVD tous publics;87.0;Happy End [Images animées];
216;Nouveauté;85.0;Une soeur;Vivès, Bastien
217;Livre jeunesse;85.0;Rodrick fait sa loi [Texte imprimé];Kinney, Jeff
218;Livre jeunesse;84.0;Les disparus du Clairdelune;Dabos, Christelle
234;Livre adulte;82.0;Sang famille;Bussi, Michel
235;Nouveauté;81.0;Double piège;Coben, Harlan
249;;77.0;Les fantômes d'Ismaël [Images animées];
267;DVD tous publics;74.0;Ôtez-moi d'un doute [Images animées];
280;DVD > 12 ans;72.0;Ça [Images animées];
284;DVD tous publics;71.0;Les délices de Tokyo [Images animées];
290;Nouveauté;71.0;La femme qui ne vieillissait pas [Texte imprimé] : roman;Delacourt, Grégoire
310;Nouveauté;69.0;Le manuscrit inachevé;Thilliez, Franck
347;Nouveauté jeunesse;64.0;My hero academia. 1. Izuku Midoriya : les origines;Horikoshi, Kohei
374;;61.0;La dernière des Stanfield;Lévy, Marc
393;Livre adulte;59.0;Pastorale américaine [Texte imprimé];Roth, Philip
406;DVD tous publics;58.0;Lola Pater [Images animées];
414;Bande dessinée jeunesse;57.0;My hero academia. 10. #All for one [Texte imprimé];Horikoshi, Kōhei
421;Livre adulte;57.0;Le pouvoir [Texte imprimé];Alderman, Naomi
425;DVD tous publics;57.0;El Presidente [images animées];
431;DVD tous publics;56.0;Loving [Images animées];
434;DVD tous publics;56.0;Les filles d'Avril [Images animées];
441;Nouveauté;55.0;Le jour où les lions mangeront de la salade verte;Giordano, Raphaëlle
536;DVD jeunesse;49.0;La belle et la bête [Images animées];
548;DVD > 12 ans;48.0;Deadpool [Images animées];
573;DVD tous publics;47.0;Entre 2 rives [images animées];
578;Livre adulte;47.0;Il est grand temps de rallumer les étoiles [Texte imprimé];Grimaldi, Virginie
580;Bande dessinée jeunesse;46.0;La fête à la grenouille [Texte imprimé];Guibert, Emmanuel
590;DVD tous publics;46.0;L'apparition [Images animées];
594;Bande dessinée jeunesse;46.0;Ultra top secret ! [Texte imprimé];Didier, Anne
600;Livre adulte;45.0;Dans le jardin de l'ogre;Slimani, Leïla
617;;45.0;Où es-tu ?;Lyfoung, Patricia
638;Livre adulte;44.0;La tache [Texte imprimé] : roman;Roth, Philip
656;Livre jeunesse;43.0;Me pardonneras-tu ? [Texte imprimé];Lyfoung, Patricia
671;DVD > 12 ans;42.0;Gomorra. Saison 3 [images animées] : La série;
676;DVD tous publics;42.0;Cyrano de Bergerac [Images animées];Rappeneau, Jean-Paul
684;Livre adulte;41.0;Le sympathisant [Texte imprimé];Nguyen, Viet Thanh
725;Bande dessinée ado;40.0;J'irai où tu iras [Texte imprimé];Lyfoung, Patricia
765;Bande dessinée adulte;38.0;Les origines;Venayre, Sylvain
783;Bande dessinée jeunesse;37.0;"Seuls. 9. Avant l'Enfant-Minuit [Texte imprimé] ; [scénario] Vehlmann";Vehlmann, Fabien
784;Livre sonore adulte;37.0;Méditer, jour après jour : 25 leçons pour vivre en pleine conscience [Enregistrement sonore];André, Christophe
804;Bande dessinée ado;37.0;Je serai toujours avec toi;Lyfoung, Patricia
829;;36.0;Dans les angles morts [Texte imprimé] : roman;Brundage, Elizabeth
831;DVD tous publics;36.0;Tout nous sépare [Images animées];
843;DVD tous publics;36.0;Downton Abbey [Images animées];
894;DVD > 12 ans;33.0;The Revenant [Images animées];
919;DVD tous publics;33.0;Lucky [Images animées];
970;DVD > 12 ans;31.0;Fear the Walking Dead [Images animées]. saison 3;
971;Livre adulte;31.0;Je ne suis pas une héroïne [Texte imprimé] : roman;Fargues, Nicolas
972;DVD tous publics;31.0;Djam [Images animées];
984;DVD tous publics;31.0;Normandie Nue [Images animées];
17;;308.0;La tresse;Colombani, Laetitia
19;Livre adulte;281.0;Homo deus : une brève histoire de l'avenir;Harari, Yuval Noah
34;Livre adulte;212.0;Vernon Subutex. 2;Despentes, Virginie
42;DVD tous publics;195.0;Faute d'amour [Images animées];
46;;184.0;Quand sort la recluse;Vargas, Fred
57;DVD > 12 ans;169.0;Wind River [Images animées];
64;Livre adulte;160.0;La jeune fille et la nuit : roman;Musso, Guillaume
125;DVD tous publics;114.0;The lost City of Z [Images animées];
162;DVD jeunesse;100.0;Moi, moche et méchant 3 [Images animées];
171;DVD nouveautés tous publics;96.0;La planète des singes [Images animées] : suprématie;
179;DVD jeunesse;94.0;Visages villages [Images animées];
215;Livre adulte;85.0;Dans l'ombre [Texte imprimé];Arnaldur Indriđason
240;DVD tous publics;80.0;Nos années folles [Images animées];
294;Livre adulte;70.0;ADN [Texte imprimé] : roman;Yrsa Sigurðardóttir
296;Livre jeunesse;70.0;Journal d'un dégonflé. 1. Carnet de bord de Greg Heffley;Kinney, Jeff
300;Bande dessinée jeunesse;69.0;Les Légendaires [Texte imprimé]. 19. World without : Artémus le Légendaire;Sobral, Patrick
305;DVD > 12 ans;69.0;L'amant double [Images animées];
307;;69.0;Alma;Le Clézio, Jean-Marie Gustave
334;Livre adulte;66.0;La terre des morts;Grangé, Jean-Christophe
386;Livre adulte;60.0;Tout homme est une nuit;Salvayre, Lydie
398;DVD jeunesse;59.0;Jumanji : Bienvenue dans la jungle [images animées];
418;Nouveauté;57.0;A la claire fontaine [Texte imprimé];Beaton, M.C.
428;DVD nouveautés tous publics;56.0;Les Tuche 2 [images animées] : Le rêve américain;
446;CD adulte;55.0;Neon [enregistrement sonore];
479;Livre adulte;52.0;Ma mère avait raison : roman;Jardin, Alexandre
496;DVD tous publics;51.0;Prendre le large [Images animées];
497;Nouveauté;51.0;La ligne blanche [Texte imprimé];Kirkman, Robert
520;Nouveauté;50.0;Faire mouche [Texte imprimé];Almendros, Vincent
522;Livre adulte;50.0;L'échelle de Jacob [Texte imprimé];Oulitskaïa, Ludmila
524;Livre jeunesse;50.0;Le feuilleton d'Hermès [Texte imprimé] : la mythologie grecque en cent épisodes;Szac, Murielle
546;DVD tous publics;48.0;Mustang [Images animées];
547;Bande dessinée jeunesse;48.0;Dad. 2. Secrets de famille [Texte imprimé];Nob
562;DVD tous publics;48.0;Jeune femme [Images animées];
564;Bande dessinée ado;48.0;Fairy Tail. 1 [Texte imprimé];Mashima, Hiro
575;Livre adulte;47.0;Microfictions 2018 [Texte imprimé];Jauffret, Régis
603;Livre adulte;45.0;Pour le meilleur et pour le pire [Texte imprimé];Beaton, M.C.
618;Nouveauté;45.0;L'échange des princesses [Texte imprimé];Thomas, Chantal
647;Nouveauté musique;43.0;Géopoétique [Enregistrement sonore];MC Solaar
653;Nouveauté;43.0;Le cas Fitzgerald [Texte imprimé] : roman;Grisham, John
709;DVD > 12 ans;40.0;Elle [Images animées];
712;;40.0;Les deux géants [Texte imprimé];Dugomier
713;Livre adulte;40.0;Ecosse [Texte imprimé] : 2017-2018;Gloaguen, Philippe
742;DVD tous publics;39.0;Sous Influence : Apple Tree Yard [images animées];
805;Bande dessinée jeunesse;37.0;Chi, une vie de chat. 3;Konami, K.
806;DVD tous publics;37.0;Game of Thrones [Images animées];
809;Bande dessinée jeunesse;37.0;Luffy versus la bande à Baggy !!;Oda, Eiichiro
817;Nouveauté jeunesse;36.0;Fairy Tail [Texte imprimé]. 55;Mashima, Hiro
823;Bande dessinée jeunesse;36.0;Momo. 2 [Texte imprimé];Garnier, Jonathan
850;;35.0;La révolte des premiers de la classe [Texte imprimé];Cassely, Jean-Laurent
852;Nouveauté;35.0;Mercy, Mary, Patty : roman;Lafon, Lola
858;Livre adulte;35.0;Juste après la vague;Collette, Sandrine
904;Livre adulte;33.0;Normandie [Texte imprimé] : 2017-2018;Gloaguen, Philippe
911;DVD > 12 ans;33.0;The Walking Dead [Images animées]. l'intégrale de la saison 7;
929;DVD tous publics;32.0;The Leftovers [Images animées];
952;Bande dessinée jeunesse;32.0;Une vérité qui blesse;Oda, Eiichiro
955;DVD tous publics;32.0;Game of Thrones [Images animées];
995;Livre adulte;30.0;Le gang des rêves [Texte imprimé];Di Fulvio, Luca
55;Livre jeunesse;170.0;La mémoire de Babel [Texte imprimé];Dabos, Christelle
61;Nouveauté;166.0;La saga de Grimr [Texte imprimé];Moreau, Jérémie
148;Nouveauté;106.0;Une vie sans fin;Beigbeder, Frédéric
188;Livre jeunesse;91.0;Mortelle Adèle. 5. Poussez-vous les moches;Tan
196;Nouveauté;89.0;Sexe et mensonges : la vie sexuelle au Maroc;Slimani, Leïla
208;;87.0;La prophétie [Texte imprimé];Sutherland, T. T.
222;;84.0;Le dernier des cinq trésors [Texte imprimé];Chamblain, Joris
230;DVD nouveautés tous publics;82.0;Miss Sloane [Images animées];
255;Livre adulte;76.0;Sur les rives de l'art;Hobb, Robin
257;DVD nouveautés tous publics;76.0;Justice League [Images animées];
269;Livre adulte;73.0;Comment tout peut s'effondrer : petit manuel de collapsologie à l'usage des générations présentes;Servigne, Pablo
270;Bande dessinée jeunesse;73.0;Frémissements [Texte imprimé];Horikoshi, Kohei
272;DVD tous publics;73.0;L'atelier [Images animées];
320;Livre adulte;67.0;Les furies [Texte imprimé];Groff, Lauren
325;DVD > 12 ans;67.0;Mise à mort du cerf sacré [Images animées];
340;DVD tous publics;65.0;Emily Dickinson, A quiet passion [Images animées];
358;DVD tous publics;63.0;Occupied [Images animées]. saison 2;
359;Livre jeunesse;63.0;C'est elle qui a commencé;Cazenove, Christophe
390;Livre adulte;60.0;La symphonie du hasard. 3;Kennedy, Douglas
435;CD adulte;56.0;Amour chien fou [enregistrement sonore];Arthur H
442;DVD > 12 ans;55.0;Alien : Covenant [Images animées];
455;Livre adulte;54.0;La fille dans les bois;MacDonald, Patricia J.
458;Bande dessinée jeunesse;53.0;Un bonheur presque parfait [Texte imprimé];Dubuc, Maryse
473;Bande dessinée ado;53.0;Je crois que je t'aime;Lyfoung, Patricia
480;Livre adulte;52.0;Grand frère [Texte imprimé] : roman;Guven, Mahir
486;DVD nouveautés tous publics;52.0;Black Panther [Images animées];
510;DVD tous publics;50.0;Le concours [Images animées];
516;Bande dessinée jeunesse;50.0;Astérix et la Transitalique;Ferri, Jean-Yves
529;DVD nouveautés tous publics;49.0;Le bureau des légendes. [Intégrale]. épisodes 1 à 3 [Images animées];
534;DVD tous publics;49.0;Corporate [Images animées];
561;DVD > 16 ans;48.0;Love Hunters [Images animées];
632;Livre adulte;44.0;Gabriële;Berest, Anne
645;DVD tous publics;43.0;Ghost in the Shell [Images animées];
652;DVD jeunesse;43.0;Santa & Cie [Images animées];
654;DVD tous publics;43.0;Harry Potter et la coupe de feu [Images animées];Newell, Mike
686;DVD > 12 ans;41.0;Message from the King [Images animées];
700;;41.0;La rose écarlate. 7. Tu seras toujours à moi;Lyfoung, Patricia
737;Bande dessinée adulte;39.0;Pause;Fabcaro
833;Livre adulte;36.0;La vie parfaite [Texte imprimé];Avallone, Silvia
866;Livre jeunesse;35.0;Où est Pétula ?;Guibert, Emmanuel
870;Bande dessinée jeunesse;34.0;Premières actions [Texte imprimé];Dugomier
887;Livre adulte;34.0;L'amour harcelant [Texte imprimé];Ferrante, Elena
892;DVD tous publics;34.0;Downtown Abbey [Images animées];
908;CD adulte;33.0;Cigarettes After Sex [Enregistrement sonore];
909;Nouveauté;33.0;Point cardinal;Récondo, Léonor de
915;Livre adulte;33.0;Le clan Spinoza [Texte imprimé] : Amsterdam, 1675 : l'invention de la liberté;Rovere, Maxime
926;DVD tous publics;33.0;Downton Abbey [Images animées];
933;Bande dessinée adulte;32.0;Chiisakobé. 3;Mochizuki, Minetaro
948;Bande dessinée jeunesse;32.0;OK, let's stand up ! [Texte imprimé];Oda, Eiichiro
953;Livre adulte;32.0;Zéro déchet : comment j'ai réalisé 40 % d'économie en réduisant mes déchets à moins de 1 litre par an ! : 100 astuces pour alléger sa vie;Johnson, Bea
1;;1139.0;L'enfant perdue;Ferrante, Elena
2;Livre adulte;712.0;Couleurs de l'incendie;Lemaitre, Pierre
9;;418.0;La sorcière;Läckberg, Camilla
10;Livre adulte;408.0;La vie secrète des arbres [Texte imprimé];Wohlleben, Peter
41;;198.0;L'amie prodigieuse [Texte imprimé];Ferrante, Elena
81;Nouveauté;141.0;En finir avec Eddy Bellegueule [Texte imprimé] : roman;Louis, Édouard
82;Livre adulte;140.0;Culottées [Texte imprimé] : des femmes qui ne font que ce qu'elles veulent. 1;Bagieu, Pénélope
93;Livre adulte;131.0;Soeurs;Minier, Bernard
98;Livre adulte;127.0;La soif;Nesbo, Jo
119;DVD tous publics;117.0;Thor : Ragnarok [Images animées];
123;Nouveauté;115.0;Les cahiers d'Esther [Texte imprimé] : histoire de mes 10 ans;Sattouf, Riad
124;DVD tous publics;115.0;Top of the lake. saison 2 [Images animées] : China girl;
141;Bande dessinée adulte;107.0;My hero academia. 3;Horikoshi, Kohei
144;DVD tous publics;107.0;Baby Driver [Images animées];
156;DVD tous publics;102.0;Manchester by the Sea [Images animées];
166;;99.0;Underground railroad : roman;Whitehead, Colson
183;;92.0;Celui qui part [Texte imprimé];Lupano
195;DVD tous publics;90.0;3 Billboards, les panneaux de la vengeance [Images animées];
197;Nouveauté;89.0;Ils vont tuer Robert Kennedy;Dugain, Marc
287;DVD tous publics;71.0;Fargo. Saison 3 [images animées];
321;DVD tous publics;67.0;Peaky Blinders [Images animées]. saison 3;
324;Nouveauté;67.0;La vie intérieure;André, Christophe
392;Livre adulte;60.0;La vérité sur l'affaire Harry Quebert;Dicker, Joël
402;Livre adulte;58.0;Grèce continentale [Texte imprimé] : avec les îles Ioniennes : 2017;Gloaguen, Philippe
424;CD adulte;57.0;Cusp [Enregistrement sonore];
440;Nouveauté;55.0;14 juillet [Texte imprimé];Vuillard, Éric
451;Bande dessinée jeunesse;54.0;Coeur vanille [Texte imprimé];Grisseaux, Véronique
459;DVD tous publics;53.0;Juste la fin du monde [Images animées];
461;DVD tous publics;53.0;Django [Images animées];
465;Bande dessinée adulte;53.0;Grandeur & décadence;Strömquist, Liv
468;DVD nouveautés tous publics;53.0;pouse-moi mon pote [Images animées];
488;Bande dessinée ado;52.0;Naruto. 2 [Texte imprimé];Kishimoto, Masashi
492;Livre adulte;51.0;Italie du Nord [Texte imprimé] : 2017 : sans les lacs italiens, ni Venise, ni Milan;Gloaguen, Philippe
556;Livre adulte;48.0;Libérées ! : le combat féministe se gagne devant le panier de linge sale;Lecoq, Titiou
565;Bande dessinée jeunesse;48.0;L'exode de Kalandre [Texte imprimé];Sobral, Patrick
568;DVD tous publics;47.0;La mort de Louis XIV [Images animées];
628;Livre jeunesse;44.0;Double peine [Texte imprimé];Kinney, Jeff
639;Bande dessinée ado;44.0;Naruto. 3 [Texte imprimé];Kishimoto, Masashi
644;Bande dessinée jeunesse;43.0;Chat va bien ! [Texte imprimé];Mr Tan
657;;42.0;Entremets;Lyfoung, Patricia
673;Bande dessinée jeunesse;42.0;Idylles [Texte imprimé];Neel, Julien
682;Livre adulte;41.0;Portugal [Texte imprimé];
718;Livre ado;40.0;L'aube sera grandiose;Bondoux, Anne-Laure
768;Nouveauté;38.0;Tous ces chemins que nous n'avons pas pris [Texte imprimé];Boyd, William
775;Nouveauté;38.0;Le feu et la fureur : Trump à la Maison Blanche;Wolff, Michael
811;Bande dessinée jeunesse;37.0;Toujours dans les pattes ! [Texte imprimé];Cazenove, Christophe
851;DVD tous publics;35.0;Monsieur et Madame Adelman [Images animées];
928;Bande dessinée jeunesse;32.0;La Rose écarlate [Texte imprimé] : missions. 3. La dame en rouge;Lyfoung, Patricia
940;Bande dessinée jeunesse;32.0;Le journal d'Anne Frank [Texte imprimé];Folman, Ari
977;DVD jeunesse;31.0;Le petit Spirou [Images animées];
983;Nouveauté musique;31.0;Génération(s) éperdue(s) [Enregistrement sonore];
986;Bande dessinée ado;31.0;Naruto. 7 [Texte imprimé];Kishimoto, Masashi
7;Livre adulte;474.0;Sapiens : une brève histoire de l'humanité;Harari, Yuval Noah
11;Nouveauté;401.0;Chanson douce [Texte imprimé];Slimani, Leïla
12;Nouveauté;384.0;Les rêveurs : roman;Carré, Isabelle
28;;238.0;Dans la combi de Thomas Pesquet;Montaigne, Marion
36;Livre adulte;210.0;Le nouveau nom [Texte imprimé] : jeunesse : roman;Ferrante, Elena
47;Livre adulte;183.0;Trois baisers;Pancol, Katherine
73;DVD tous publics;149.0;Baron noir [Images animées]. saison 2;
104;Nouveauté;124.0;En camping-car [Texte imprimé];Jablonka, Ivan
127;Livre sonore adulte;113.0;Sapiens : une brève histoire de l'humanité [Enregistrement sonore];Harari, Yuval Noah
174;DVD > 12 ans;95.0;Mother ! [Images animées];
229;Livre adulte;82.0;Ikigai [Texte imprimé] : les secrets des Japonais pour une vie longue et heureuse;García, Héctor
231;DVD tous publics;82.0;Your Name [Images animées];
319;Bande dessinée jeunesse;67.0;Shimy [Texte imprimé];Sobral, Patrick
341;Livre adulte;65.0;Une fois dans ma vie;Legardinier, Gilles
351;DVD > 12 ans;64.0;Le Vénérable W. [images animées];
396;CD adulte;59.0;L'oiseleur [Enregistrement sonore];
400;Bande dessinée jeunesse;58.0;Les Légendaires [Texte imprimé]. 18. La fin de l'histoire ?;Sobral, Patrick
444;Livre adulte;55.0;Keila la Rouge [Texte imprimé] : roman;Singer, Isaac Bashevis
457;;54.0;Tu aurais dû me laisser mourir [Texte imprimé];Lyfoung, Patricia
491;DVD tous publics;51.0;Merci patron ! [Images animées];
495;CD adulte;51.0;Little dark age [enregistrement sonore];
505;DVD jeunesse;50.0;Vice-Versa [Images animées];
523;Livre jeunesse;50.0;Grosse colère [Texte imprimé];Allancé, Mireille d'
558;Livre sonore adulte;48.0;Couleurs de l'incendie [Enregistrement sonore];
595;Bande dessinée jeunesse;45.0;La rose écarlate [Texte imprimé]. 11. Peux-tu comprendre cela ?;Lyfoung, Patricia
648;Nouveauté;43.0;Des jours d'une stupéfiante clarté [Texte imprimé];Appelfeld, Aharon
754;Bande dessinée adulte;38.0;Chiisakobé : le serment de Shigeji. 4;Mochizuki, Minetaro
766;DVD tous publics;38.0;Pascal Thomas [Images animées] : 7 films;
786;Livre adulte;37.0;Slovénie [Texte imprimé];Bain, Carolyn
794;DVD tous publics;37.0;Grand froid [Images animées];
797;DVD tous publics;37.0;Taxi Sofia [Images animées];
812;Livre adulte;36.0;La fille du train [Texte imprimé];Hawkins, Paula
822;Livre adulte;36.0;Climats de France;Richeux, Marie
839;Bande dessinée adulte;36.0;Agonie [Texte imprimé];Nury, Fabien
848;;35.0;Pays baltes : Tallinn, Riga, Vilnius : 2017-2018;Gloaguen, Philippe
865;Bande dessinée jeunesse;35.0;Studio danse. 7;Béka
867;;35.0;Pour une enfance heureuse [Texte imprimé] : repenser l'éducation à la lumière des dernières découvertes sur le cerveau;Gueguen, Catherine
872;;34.0;Le livre du Hygge [Texte imprimé] : mieux vivre : la méthode danoise;Wiking, Meik
888;Bande dessinée ado;34.0;Fairy Tail. 4;Mashima, Hiro
914;Nouveauté;33.0;Avec les compliments du guide : Sarkozy-Kadhafi, l'histoire secrète;Arfi, Fabrice
938;Livre adulte;32.0;Le choix des autres : roman;Bourdin, Françoise
954;Livre jeunesse;32.0;Les petits rats de l'Opéra [Texte imprimé];Guibert, Emmanuel
15;Nouveauté;328.0;Au revoir là-haut [Texte imprimé] : roman;Lemaitre, Pierre
38;;202.0;Le charme discret de l'intestin [Texte imprimé] : tout sur un organe mal aimé;Enders, Giulia
50;Nouveauté;177.0;Ces jours qui disparaissent;Le Boucher, Timothé
63;DVD tous publics;163.0;Barbara [Images animées];
72;DVD tous publics;149.0;Le Caire confidentiel [Images animées];
114;Bande dessinée jeunesse;118.0;Mortelle Adèle [Texte imprimé]. T.10 . Choubidoulove;
128;Bande dessinée adulte;113.0;Libres ! : manifeste pour s'affranchir des diktats sexuels;Ovidie
149;Bande dessinée jeunesse;106.0;Tout ça finira mal;Tan
193;DVD tous publics;90.0;Ex Libris [Images animées];
200;;89.0;Americanah [Texte imprimé] : roman;Adichie, Chimamanda Ngozi
227;Livre adulte;83.0;King Kong théorie;Despentes, Virginie
244;Livre jeunesse;80.0;Un air de famille [Texte imprimé];Cazenove
303;DVD tous publics;69.0;Silence [Images animées];
306;Nouveauté;69.0;Paroles d'honneur;Slimani, Leïla
316;Nouveauté;68.0;Une fille comme elle;Lévy, Marc
399;Bande dessinée jeunesse;59.0;Mon coup d'soleil, c'est toi !;Cazenove, Christophe
430;DVD jeunesse;56.0;Tous en scène [Images animées];
502;Bande dessinée jeunesse;51.0;Les arènes [Texte imprimé];Vehlmann, Fabien
503;Bande dessinée jeunesse;51.0;Le roi du chahut [Texte imprimé];Didier, Anne
531;DVD tous publics;49.0;Frantz [images animées];
567;Livre adulte;47.0;Nuit [Texte imprimé];Minier, Bernard
596;;45.0;Un looong voyage [Texte imprimé];Kinney, Jeff
601;DVD > 12 ans;45.0;Doctor Strange [Images animées];
641;;43.0;L'île au secret [Texte imprimé];Sutherland, T.T.
659;Livre adulte;42.0;Les mots sont des fenêtres (ou bien ce sont des murs) [Texte imprimé] : introduction à la communication non violente;Rosenberg, Marshall B.
674;Livre adulte;42.0;Poupée volée : roman;Ferrante, Elena
689;Livre adulte;41.0;Ceux d'ici;Dee, Jonathan
706;;40.0;Millénium [Texte imprimé]. 4. Ce qui ne me tue pas;Lagercrantz, David
719;Bande dessinée jeunesse;40.0;Des premières neiges aux Perséides [Texte imprimé];Chamblain, Joris
724;DVD tous publics;40.0;In the Fade [Images animées];
750;DVD jeunesse;39.0;Fantastic Mr. Fox [Images animées];
818;Livre adulte;36.0;New York odyssée [Texte imprimé];Jansma, Kristopher
820;Nouveauté;36.0;Le rêve de Ryôsuke [Texte imprimé] : roman;Sukegawa, Durian
900;DVD tous publics;33.0;La fille de Brest [Images animées];
937;Nouveauté;32.0;C'était mieux avant ! [Texte imprimé];Serres, Michel
958;DVD nouveautés tous publics;31.0;Sicario [images animées];
966;Nouveauté;31.0;Notre-Drame de Paris;Routier, Airy
980;DVD tous publics;31.0;Makala [Images animées];
991;Livre adulte;30.0;Tokyo, Kyoto et environs [Texte imprimé] : Japon pas cher !;
3;Livre adulte;648.0;Celle qui fuit et celle qui reste;Ferrante, Elena
51;DVD nouveautés tous publics;175.0;Seven sisters [Images animées];
105;DVD tous publics;123.0;The crown. L'intégrale de la première saison [Images animées];
142;Bande dessinée adulte;107.0;Idéal standard [Texte imprimé];Picault, Aude
154;DVD tous publics;103.0;Valérian et la cité des Mille Planètes [images animées];
199;DVD > 12 ans;89.0;The Deuce [Images animées]. saison 1;
202;Bande dessinée adulte;88.0;Bonny and Pierrot;Lupano
203;Livre jeunesse;88.0;Parents à vendre [Texte imprimé];Mr Tan
213;Livre adulte;86.0;Les 5 blessures qui empêchent d'être soi-même : rejet, abandon, humiliation, trahison, injustice;Bourbeau, Lise
221;Bande dessinée jeunesse;84.0;Quelle chouchoute !;Maury, William
259;Nouveauté;75.0;Dans la forêt [Texte imprimé] : roman;Hegland, Jean
273;Bande dessinée jeunesse;73.0;Le réveil du Kréa-Kaos [Texte imprimé];Sobral, Patrick
285;Nouveauté jeunesse;71.0;My hero academia [Texte imprimé]. 5. Shoto Todoroki : les origines;Horikoshi, Kohei
289;DVD tous publics;71.0;Une vie violente [Images animées];
329;Bande dessinée jeunesse;67.0;Un namour de sister;Maury, William
348;Usuels;64.0;Italie du Sud [Texte imprimé] : sans Rome, ni la Sicile : 2017;Gloaguen, Philippe
391;Bande dessinée jeunesse;60.0;Chat méchant;Guibert, Emmanuel
403;DVD tous publics;58.0;Après la tempête [Images animées];
469;DVD tous publics;53.0;Battle Of The Sexes [Images animées];
472;DVD tous publics;53.0;Harry Potter et le prisonnier d'Azkaban [Images animées];Cuaron, Alfonso
478;DVD > 12 ans;52.0;Logan [Images animées];
499;Livre adulte;51.0;1984 [Texte imprimé];Orwell, George
508;Livre adulte;50.0;Indonésie [Texte imprimé];
540;Bande dessinée ado;49.0;J'irai voir Venise [Texte imprimé];Lyfoung, Patricia
592;Revue adulte;46.0;Que choisir ? [texte imprimé];
625;Livre adulte;44.0;Andalousie [Texte imprimé] : 2017;Gloaguen, Philippe
650;DVD nouveautés tous publics;43.0;Knock [Images animées];
660;DVD jeunesse;42.0;Zootopie [Images animées];
683;Livre adulte;41.0;Croatie [Texte imprimé];Dragicevich, Peter
721;Nouveauté;40.0;Les intouchables d'Etat [Texte imprimé];Jauvert, Vincent
777;Livre adulte;38.0;Bleu de Prusse [Texte imprimé] : roman;Kerr, Philip
800;Bande dessinée ado;37.0;Je veux que tu m'aimes ! [Texte imprimé];Lyfoung, Patricia
815;Livre adulte;36.0;Remède de cheval [Texte imprimé];Beaton, M.C.
830;Nouveauté jeunesse;36.0;Fairy Tail [Texte imprimé]. 62;Mashima, Hiro
853;Livre adulte;35.0;Les fantômes du vieux pays [Texte imprimé];Hill, Nathan
874;Bande dessinée jeunesse;34.0;Fairy Tail [Texte imprimé]. 57;Mashima, Hiro
882;DVD tous publics;34.0;River [Images animées];
913;Livre adulte;33.0;Panique dans le 16e ! [Texte imprimé] : une enquête sociologique et dessinée;Pinçon-Charlot, Monique
921;Bande dessinée jeunesse;33.0;Chi, une vie de chat. 5;Konami, K.
934;DVD nouveautés tous publics;32.0;Alibi.com [Images animées];
942;DVD tous publics;32.0;Des plans sur la comète [Images animées];
943;DVD > 12 ans;32.0;Free fire [Images animées];
956;DVD tous publics;31.0;House of cards (US) [Images animées];
968;Nouveauté;31.0;One-punch man [Texte imprimé]. 8. C'était lui;Murata, Yusuke
981;Nouveauté;31.0;A l'aube [Texte imprimé] : roman;Djian, Philippe
994;DVD nouveautés tous publics;30.0;Divergente 3 [Images animées] : Au-delà du mur;
45;Livre adulte;186.0;La vérité sur l'affaire Harry Quebert : roman;Dicker, Joël
59;Livre adulte;167.0;Bakhita [Texte imprimé];Olmi, Véronique
117;DVD jeunesse;118.0;Coco [Images animées];
122;DVD tous publics;116.0;Les heures sombres [Images animées];
137;Livre Fonds spécialisés;109.0;Retour à Lemberg [Texte imprimé];Sands, Philippe
143;DVD tous publics;107.0;Patients [Images animées];
155;DVD tous publics;103.0;Le musée des merveilles [Images animées];
173;;96.0;Le livre d'Hector [Texte imprimé];Chamblain, Joris
175;Livre jeunesse;95.0;Mortelle Adèle. 4. J'aime pas l'amour;Tan
177;Bande dessinée jeunesse;94.0;La rentrée des claques [Texte imprimé];Mr Tan
204;DVD nouveautés tous publics;87.0;Big Little Lies [Images animées]. saison 1;
251;Bande dessinée jeunesse;77.0;L'Alystory [Texte imprimé];Sobral, Patrick
260;DVD tous publics;75.0;Voyage à travers le cinéma français [Images animées];
314;DVD tous publics;68.0;Rock'n Roll [Images animées];
323;CD adulte;67.0;Utopia [enregistrement sonore];Björk
328;Livre jeunesse;67.0;Ca fait suer ! : guide de survie en milieu hostile;Kinney, Jeff
332;Nouveauté;66.0;Mon frère;Pennac, Daniel
336;;66.0;La vérité toute moche : grandir ou ne pas grandir, telle est la question !;Kinney, Jeff
349;Livre adulte;64.0;Iles grecques et Athènes [Texte imprimé] : sans la Crète ni les îles Ioniennes : 2017;Gloaguen, Philippe
357;DVD > 12 ans;63.0;The Leftovers [Images animées]. l'intégrale de la saison 3;
360;;62.0;Mémé dans les orties;Valognes, Aurélie
388;Bande dessinée jeunesse;60.0;My hero academia [Texte imprimé]. 11. La fin du commencement et le commencement de la fin;Horikoshi, Kōhei
420;DVD tous publics;57.0;My Cousin Rachel [Images animées];
443;DVD tous publics;55.0;La vie privée d'un sénateur [Images animées];
501;Bande dessinée jeunesse;51.0;Les Légendaires [Texte imprimé]. 16. L'éternité ne dure qu'un temps;Sobral, Patrick
513;DVD tous publics;50.0;Pirates des Caraïbes 5 [Images animées] : la vengeance de Salazar;
551;Livre adulte;48.0;J'ai toujours cette musique dans la tête [Texte imprimé];Martin-Lugand, Agnès
563;DVD jeunesse;48.0;Paddington 2 [Images animées];
574;Bande dessinée jeunesse;47.0;My hero academia [Texte imprimé]. 12;Horikoshi, Kōhei
579;Livre jeunesse;47.0;Harry Potter et l'ordre du Phénix;Rowling, Joanne Kathleen
610;DVD tous publics;45.0;Orange is the new black. Saison 2 [Images animées];
615;Livre jeunesse;45.0;Harry Potter et la coupe de feu;Rowling, Joanne Kathleen
621;Bande dessinée jeunesse;44.0;Premières répressions [Texte imprimé];Dugomier
626;DVD > 12 ans;44.0;Mademoiselle [Images animées];
629;Nouveauté;44.0;Vacances tous risques [Texte imprimé];Beaton, M.C.
640;DVD tous publics;43.0;Occupied. Saison 1 [Images animées];
643;DVD nouveautés tous publics;43.0;Il a déjà tes yeux [Images animées];
655;;43.0;Les Légendaires. 15. Amour mortel;Sobral, Patrick
694;CD adulte;41.0;Rare birds [Enregistrement sonore];Wilson, Jonathan
707;;40.0;Trois jours et une vie [Texte imprimé];Lemaitre, Pierre
753;Livre adulte;38.0;Désorientale [Texte imprimé];Djavadi, Négar
757;Bande dessinée jeunesse;38.0;En scène ! [Texte imprimé]. 4;Cuvie
763;DVD nouveautés tous publics;38.0;Transformers [Images animées] : The Last Knight;
832;DVD tous publics;36.0;La montagne entre nous [Images animées];
886;Bande dessinée ado;34.0;Naruto. 8 [Texte imprimé];Kishimoto, Masashi
889;Bande dessinée adulte;34.0;Trop n'est pas assez;Lust, Ulli
917;Livre adulte;33.0;La vie secrète des animaux : amour, deuil, compassion : un monde caché s'ouvre à nous;Wohlleben, Peter
931;Livre adulte;32.0;Porto en quelques jours;Christiani, Kerry
939;Bande dessinée jeunesse;32.0;Premiers doutes [Texte imprimé];Hamon, Jérôme
962;Livre adulte;31.0;La quiche fatale [Texte imprimé] : la vengeance est un plat qui se mange chaud...;Beaton, M.C.
988;;31.0;Un prince à croquer. 2. Plat;Lyfoung, Patricia
989;DVD jeunesse;31.0;Les enfants loups, Ame & Yuki [Images animées];
999;Livre adulte;30.0;Crète [Texte imprimé] : 2017-2018;Gloaguen, Philippe
52;Bande dessinée adulte;172.0;La magicienne;Lupano, Wilfrid
66;Nouveauté;156.0;Culottées [Texte imprimé] : des femmes qui ne font que ce qu'elles veulent. 2;Bagieu, Pénélope
97;DVD nouveautés tous publics;128.0;The Circle [Images animées];
111;Livre adulte;121.0;Un appartement à Paris;Musso, Guillaume
116;DVD tous publics;118.0;Le jeune Karl Marx [Images animées];
126;Livre adulte;113.0;Les lois naturelles de l'enfant [Texte imprimé];Alvarez, Céline
135;Bande dessinée jeunesse;110.0;Un talent monstre ! [Texte imprimé];Tan
150;;105.0;A voix haute [Images animées] : la force de la parole;
152;DVD tous publics;105.0;Le brio [Images animées];
228;Livre jeunesse;83.0;Harry Potter à l'école des sorciers;Rowling, Joanne Kathleen
232;Bande dessinée jeunesse;82.0;Big bisous baveux;Mr Tan
236;;80.0;Histoire de la violence [Texte imprimé];Louis, Édouard
241;Livre adulte;80.0;Appelle-moi par ton nom [Texte imprimé] : roman;Aciman, André
242;Livre adulte;80.0;Dans le murmure des feuilles qui dansent : roman;Ledig, Agnès
256;DVD tous publics;76.0;Que Dios nos perdone [Images animées];
271;DVD > 12 ans;73.0;House of Cards. Saison 5 [images animées];
312;Livre adulte;68.0;Ranger [Texte imprimé] : l'étincelle du bonheur : un manuel illustré par une experte dans l'art de l'organisation et du rangement;Kondo, Marie
331;Livre adulte;66.0;Fugitive parce que reine [Texte imprimé] : roman;Huisman, Violaine
356;DVD tous publics;63.0;Premier contact [Images animées] : Droit de prêt et consultation;
361;Livre adulte;62.0;Les quatre accords toltèques : la voie de la liberté personnelle;Ruiz, Miguel
365;Nouveauté;62.0;Coiffeur pour dames [Texte imprimé];Beaton, M.C.
422;DVD tous publics;57.0;The Party [Images animées];
439;DVD jeunesse;55.0;Belle et Sébastien 2 - L'aventure continue [Images animées];
487;Bande dessinée ado;52.0;Naruto. 5 [Texte imprimé];Kishimoto, Masashi
518;Nouveauté;50.0;Opération Copperhead [Texte imprimé];Harambat, Jean
530;Nouveauté;49.0;Les vertus de l'échec [Texte imprimé];Pépin, Charles
537;Nouveauté;49.0;Pactum salis [Texte imprimé];Bourdeaut, Olivier
543;DVD tous publics;49.0;Top of the Lake [Images animées];
550;Livre en gros caractères;48.0;L'amie prodigieuse [Texte imprimé] : enfance, adolescence : roman;Ferrante, Elena
571;Nouveauté;47.0;La petite danseuse de quatorze ans;Laurens, Camille
630;DVD tous publics;44.0;Aurore [Images animées];
637;DVD jeunesse;44.0;Wonder [Images animées];
687;DVD jeunesse;41.0;Cars 3 [Images animées];
716;DVD tous publics;40.0;Paris pieds nus [Images animées];
744;DVD tous publics;39.0;Vikings [Images animées]. saison 3;
834;Bande dessinée ado;36.0;Un chemin en pente raide [Texte imprimé];Oda, Eiichiro
847;Nouveauté;35.0;Le tour du monde du roi Zibeline;Rufin, Jean-Christophe
855;DVD > 12 ans;35.0;The Wall [Images animées];
863;DVD tous publics;35.0;Moi, Tonya [Images animées];
875;;34.0;Sharko;Thilliez, Franck
880;Livre adulte;34.0;15e affaire [Texte imprimé];Patterson, James
979;Nouveauté;31.0;Emma dans la nuit [Texte imprimé];Walker, Wendy
987;Livre jeunesse;31.0;Harry Potter et le prisonnier d'Azkaban;Rowling, Joanne Kathleen
993;Livre sonore adulte;30.0;L'amie prodigieuse [Enregistrement sonore];Ferrante, Elena
40;Bande dessinée adulte;198.0;Les cahiers d'Esther. 3. Histoire de mes 12 ans;Sattouf, Riad
89;Bande dessinée adulte;132.0;Zaï zaï zaï zaï [Texte imprimé];Fabcaro
94;DVD tous publics;130.0;Jalouse [Images animées];
112;Livre adulte;121.0;Le ministère du bonheur suprême;Roy, Arundhati
158;DVD tous publics;102.0;Confident royal [Images animées];
181;Bande dessinée jeunesse;93.0;My hero academia [Texte imprimé]. 4. Celui qui avait tout;Horikoshi, Kohei
185;Livre adulte;92.0;Portnoy et son complexe [Texte imprimé];Roth, Philip
223;Nouveauté;83.0;Play boy : roman;Debré, Constance
243;DVD tous publics;80.0;Le crime de l'Orient Express [Images animées];
282;Livre adulte;72.0;King Kong Théorie [Texte imprimé];Despentes, Virginie
317;Bande dessinée jeunesse;68.0;Le gardien [Texte imprimé];Sobral, Patrick
330;Nouveauté;66.0;Et vous avez eu beau temps ? [Texte imprimé] : la perfidie ordinaire des petites phrases;Delerm, Philippe
352;DVD tous publics;64.0;Gauguin [Images animées] : voyage de Tahiti;
354;Livre adulte;63.0;Famille presque zéro déchet : ze guide;Pichon, Jérémie
373;Nouveauté jeunesse;61.0;My hero academia. 8. Momo Yaoyorozu : l'envol;Horikoshi, Kohei
377;DVD nouveautés tous publics;61.0;Grave [Images animées];
380;DVD tous publics;61.0;Le prix du succès [Images animées];
381;Livre adulte;61.0;Un peu, beaucoup, à la folie [Texte imprimé] : roman;Moriarty, Liane
382;DVD > 12 ans;61.0;Closet Monster [Images animées];
384;DVD jeunesse;60.0;Ma vie de courgette [Images animées];
401;Livre jeunesse;58.0;Harry Potter et l'enfant maudit [Texte imprimé] : parties un et deux;Thorne, Jack
450;Livre jeunesse;54.0;Zéro réseau;Kinney, Jeff
470;DVD tous publics;53.0;L'intelligence des arbres [Images animées];
482;Nouveauté jeunesse;52.0;Fairy Tail. 61;Mashima, Hiro
485;DVD tous publics;52.0;La promesse de l'aube [Images animées];
507;Bande dessinée adulte;50.0;S'enfuir [Texte imprimé] : récit d'un otage;Delisle, Guy
542;DVD tous publics;49.0;Les tuche [Images animées];
544;Bande dessinée jeunesse;49.0;Ça va dégominer ! [Texte imprimé];Didier, Anne
569;DVD tous publics;47.0;Jackie [Images animées];
576;DVD jeunesse;47.0;Ferdinand [Images animées];
584;Livre adulte;46.0;Utopies réalistes : en finir avec la pauvreté, un monde sans frontières, la semaine de travail de 15 heures;Bregman, Rutger
604;Nouveauté jeunesse;45.0;Fairy Tail [Texte imprimé]. 58;Mashima, Hiro
619;Livre adulte;44.0;Les mots sont des fenetres (ou bien ce sont des murs) [Texte imprimé] : introduction à la communication non violente;Rosenberg, Marshall B.
627;;44.0;La montagne de jade [Texte imprimé];Sutherland, T.T.
636;DVD jeunesse;44.0;12 jours [Images animées];
662;Bande dessinée jeunesse;42.0;Les nerfs à vif [Texte imprimé];Nob
666;Livre adulte;42.0;Minuit sur le canal San Boldo;Leon, Donna
678;Nouveauté jeunesse;41.0;Au revoir là-haut [Texte imprimé];Lemaitre, Pierre
705;DVD tous publics;40.0;Hunger games. La révolte [Images animées] : partie 1;
708;Livre adulte;40.0;Vernon Subutex : roman. 2;Despentes, Virginie
741;Livre adulte;39.0;Le grand cours de dessin [Texte imprimé];
767;DVD tous publics;38.0;Orange is the new black. Saison 3 [Images animées];
793;Livre adulte;37.0;Cambodge, Laos [Texte imprimé] : 2018;Gloaguen, Philippe
819;Livre adulte;36.0;Ceci est mon sang [Texte imprimé] : petite histoire des règles, de celles qui les ont et de ceux qui les font;Thiébaut, Élise
854;DVD tous publics;35.0;Guerre & paix [images animées];
885;DVD tous publics;34.0;E.T. l'extra-terrestre [Images animées];Spielberg, Steven
927;DVD nouveautés tous publics;32.0;Interstellar [Images animées];
936;Livre adulte;32.0;Le coeur battant de nos mères [Texte imprimé];Bennett, Brit
949;Bande dessinée ado;32.0;Fairy Tail. 3;Mashima, Hiro
963;Livre adulte;31.0;Ouest américain [Texte imprimé];
985;DVD nouveautés tous publics;31.0;L'échange des princesses [Images animées];
4;Livre adulte;582.0;L'art de perdre;Zeniter, Alice
20;DVD tous publics;264.0;Blade Runner 2049 [Images animées];
33;DVD tous publics;213.0;Dunkerque [Images animées];
77;Livre adulte;145.0;Correspondance, 1944-1959 [Texte imprimé];Camus, Albert
83;Livre adulte;140.0;Fief;Lopez, David
87;Livre adulte;135.0;La magie du rangement [Texte imprimé];Kondo, Marie
96;DVD tous publics;129.0;Numéro Une [Images animées];
103;Livre adulte;124.0;La nuit des béguines;Kiner, Aline
118;DVD tous publics;117.0;Wonder Woman [Images animées];
159;DVD tous publics;102.0;Pentagon Papers [Images animées];
178;DVD tous publics;94.0;Homeland [Images animées]. l'intégrale de la saison 6;
182;Bande dessinée jeunesse;93.0;Ça sent la croquette ! [Texte imprimé];Mr Tan
187;Bande dessinée adulte;91.0;Les sentiments du prince Charles;Strömquist, Liv
190;Nouveauté;90.0;La cantine de minuit [Texte imprimé]. 2;Abe, Yaro
201;Livre adulte;88.0;Dans le jardin de l'ogre [Texte imprimé];Slimani, Leïla
205;Nouveauté;87.0;Frappe-toi le coeur [Texte imprimé];Nothomb, Amélie
237;Livre adulte;80.0;Tiens ferme ta couronne [Texte imprimé];Haenel, Yannick
274;Livre adulte;72.0;Japon [Texte imprimé];
276;DVD tous publics;72.0;Lion [images animées];
291;Nouveauté;71.0;Le destin de l'assassin : roman;Hobb, Robin
315;Bande dessinée adulte;68.0;Vainqueurs;Kirkman, Robert
362;Bande dessinée adulte;62.0;Un autre regard : trucs en vrac pour voir les choses autrement;Emma
395;DVD jeunesse;59.0;Le grand méchant Renard et autres contes... [Images animées];
407;DVD tous publics;58.0;Demain et tous les autres jours [Images animées];
483;Nouveauté;52.0;La meilleure façon de marcher est celle du flamant rose [Texte imprimé] : roman;Ducret, Diane
484;DVD tous publics;52.0;The Florida Project [Images animées];
493;Livre adulte;51.0;Au gré des jours;Héritier, Françoise
500;Livre jeunesse;51.0;Harry Potter et la chambre des secrets;Rowling, Joanne Kathleen
581;Livre adulte;46.0;Naples et la Côte amalfitaine [Texte imprimé];Bonetto, Cristian
586;DVD nouveautés tous publics;46.0;Une femme fantastique [Images animées];
602;DVD nouveautés tous publics;45.0;Split [Images animées];
613;DVD tous publics;45.0;Phantom Thread [Images animées];
616;;45.0;Ariol. 7. Le maître-chien;Guibert, Emmanuel
642;Bande dessinée jeunesse;43.0;Coeur coco [Texte imprimé];Grisseaux, Véronique
703;DVD tous publics;41.0;Star wars [Images animées] : La prélogie;
722;DVD tous publics;40.0;Un homme intègre [Images animées];
771;DVD tous publics;38.0;Espèces menacées [Images animées];
776;Livre adulte;38.0;La vérité sur la comtesse Berdaiev [Texte imprimé];Rouart, Jean-Marie
789;DVD tous publics;37.0;Un sac de billes [Images animées];
795;DVD tous publics;37.0;Lumière ! L'aventure commence [Images animées];
826;CD adulte;36.0;La pantoufle [Enregistrement sonore];
837;Bande dessinée jeunesse;36.0;Au coeur du maelström;Vehlmann, Fabien
864;;35.0;Chroniques de Jérusalem;Delisle, Guy
871;Nouveauté;34.0;Steak it easy [Texte imprimé];Fabcaro
922;Livre jeunesse;33.0;Harry Potter et les reliques de la mort;Rowling, Joanne Kathleen
947;Livre adulte;32.0;Vies minuscules [Texte imprimé];Michon, Pierre
974;Livre adulte;31.0;Phénomènes naturels [Texte imprimé];Franzen, Jonathan
976;Nouveauté musique;31.0;Ne rien faire [Enregistrement sonore];
982;;31.0;Rien de plus grand [Texte imprimé] : roman;Persson Giolito, Malin
44;;186.0;La serpe;Jaenada, Philippe
60;Livre adulte;167.0;Les joies d'en bas [Texte imprimé] : tout sur le sexe féminin;Brochmann, Nina
74;Nouveauté;148.0;Les cahiers d'Esther [Texte imprimé]. Histoires de mes 11 ans;Sattouf, Riad
76;DVD tous publics;146.0;Les proies [Images animées];
78;Nouveauté;144.0;Petit pays [Texte imprimé];Faye, Gael
92;Livre adulte;131.0;Le prince de Cochinchine : roman;Parot, Jean-François
102;Nouveauté;125.0;Vers la beauté;Foenkinos, David
133;DVD tous publics;110.0;Un beau soleil intérieur [Images animées];
136;DVD nouveautés tous publics;109.0;Les figures de l'ombre [Images animées];
139;DVD tous publics;108.0;Ce qui nous lie [Images animées];
160;DVD tous publics;101.0;Baron noir [Images animées];
165;;99.0;Zéro sucre [Texte imprimé];Gerkens, Danièle
206;DVD tous publics;87.0;Orange is the new black. Saison 1 [Images animées];
225;;83.0;Les leçons du pouvoir;Hollande, François
238;Livre adulte;80.0;Me voici;Foer, Jonathan Safran
283;Bande dessinée jeunesse;72.0;Le zoo pétrifié;Chamblain, Joris
337;;66.0;Le sel de la vie : lettre à un ami;Héritier, Françoise
345;Livre jeunesse;65.0;Trop c'est trop;Kinney, Jeff
404;;58.0;Paname underground;Zarca, Johann
449;Livre adulte;54.0;Vernon Subutex : roman. 1;Despentes, Virginie
494;Nouveauté jeunesse;51.0;Fairy Tail [Texte imprimé]. 60;Mashima, Hiro
514;DVD tous publics;50.0;The Young Lady [Images animées];
526;;50.0;Les Légendaires. 14. L'héritage du mal;Sobral, Patrick
553;Nouveauté;48.0;Le jour d'avant : roman;Chalandon, Sorj
572;Livre adulte;47.0;LaRose;Erdrich, Louise
591;DVD tous publics;46.0;Mary Poppins [Images animées];Stevenson, Robert
614;Bande dessinée jeunesse;45.0;C'est parti !;Didier, Anne
622;Livre adulte;44.0;L'essentiel du Japon [Texte imprimé] : pour découvrir le meilleur du Japon;
680;Livre adulte;41.0;La promesse de l'aube [Texte imprimé];Gary, Romain
690;Nouveauté;41.0;Bug. 1 [Texte imprimé];Bilal, Enki
727;Bande dessinée jeunesse;40.0;Studio danse. 4;Béka
730;Nouveauté;39.0;Miracle morning : offrez-vous un supplément de vie !;Elrod, Hal
739;Livre sonore adulte;39.0;Celle qui fuit et celle qui reste [Enregistrement sonore] : époque intermédiaire;Ferrante, Elena
740;Nouveauté musique;39.0;Songs of experience [enregistrement sonore];
760;Livre adulte;38.0;New York : Manhattan, Brooklyn, Queens, Bronx : 2018;Gloaguen, Philippe
762;Nouveauté;38.0;Le mari de mon frère [Texte imprimé]. 4;Tagame, Gengorō
774;Livre adulte;38.0;Sale temps pour les sorcières [Texte imprimé];Beaton, M.C.
788;Bande dessinée jeunesse;37.0;Momo. 1;Garnier, Jonathan
808;Bande dessinée jeunesse;37.0;Jadina;Sobral, Patrick
835;Bande dessinée jeunesse;36.0;Le clan du requin [Texte imprimé];Gazzotti, Bruno
838;DVD tous publics;36.0;Harry Potter et l'Ordre du Phénix [images animées];
844;Bande dessinée jeunesse;35.0;La machine à démourir [Texte imprimé];Vehlmann, Fabien
846;Bande dessinée adulte;35.0;Diamants [Texte imprimé];Nury, Fabien
861;DVD > 12 ans;35.0;Mr. Robot [Images animées]. saison 3;
945;DVD nouveautés tous publics;32.0;Haute couture [Images animées];
959;Livre adulte;31.0;Iles grecques et Athènes [Texte imprimé] : sans la Crète ni les îles Ioniennes : 2016;Gloaguen, Philippe
969;DVD tous publics;31.0;K.O. [Images animées];
990;Livre adulte;30.0;Japon [Texte imprimé];
1000;Livre jeunesse;30.0;Retour à l'état sauvage [Texte imprimé];Hunter, Erin
16;Livre adulte;318.0;L'amie prodigieuse : enfance, adolescence;Ferrante, Elena
21;DVD tous publics;259.0;Le sens de la fête [Images animées];
29;DVD tous publics;233.0;Au revoir là-haut [Images animées];
49;Livre adulte;181.0;On la trouvait plutôt jolie;Bussi, Michel
84;DVD tous publics;140.0;Westworld [Images animées] : le labyrinthe. saison 1;
95;;129.0;La cantine de minuit [Texte imprimé]. 1;Abe, Yaro
146;Livre en langue étrangère;106.0;4 3 2 1 [Texte imprimé];Auster, Paul
184;Nouveauté;92.0;L'amour après;Loridan-Ivens, Marceline
189;;90.0;La déesse sans visage [Texte imprimé];Chamblain, Joris
211;DVD jeunesse;86.0;Les gardiens de la galaxie [Images animées]. 2;
214;Livre adulte;85.0;Foutez-vous la paix ! [Texte imprimé] : et commencez à vivre;Midal, Fabrice
224;Livre adulte;83.0;Eugenia : roman;Duroy, Lionel
275;Livre adulte;72.0;Tokyo, Kyoto et environs [Texte imprimé] : Japon pas cher ! : 2017;Gloaguen, Philippe
279;Livre adulte;72.0;L'année du Lion : les mémoires de Nicolas Storm sur l'enquête de l'assassinat de son père : roman;Meyer, Deon
288;Livre adulte;71.0;Une odyssée : un père, un fils, une épopée;Mendelsohn, Daniel
299;DVD nouveautés tous publics;69.0;Star Wars [Images animées] : le réveil de la force;
350;Bande dessinée adulte;64.0;Gérard : cinq années dans les pattes de Depardieu;Sapin, Mathieu
363;Nouveauté jeunesse;62.0;My hero academia [Texte imprimé]. 9. My hero;Horikoshi, Kohei
389;DVD tous publics;60.0;Les gardiennes [Images animées];
410;DVD tous publics;58.0;La douleur [Images animées];
416;Livre adulte;57.0;L'appel du néant;Chattam, Maxime
454;Bande dessinée jeunesse;54.0;Le royaume des larmes [Texte imprimé];Sobral, Patrick
467;;53.0;Ecoute la ville tomber [Texte imprimé];Tempest, Kate
477;Livre adulte;52.0;Croatie [Texte imprimé] : 2017-2018;Gloaguen, Philippe
490;Bande dessinée jeunesse;51.0;Ca déménage ! [Texte imprimé];Didier, Anne
504;Livre jeunesse;50.0;La princesse disparue [Texte imprimé];Sutherland, T. T.
506;Bande dessinée jeunesse;50.0;"Coeur mandarine [Texte imprimé] ; d'après le roman de Cathy Cassidy";
527;Livre ado;50.0;Le labyrinthe. 1;Dashner, James
535;DVD jeunesse;49.0;Baby Boss [Images animées];
538;DVD tous publics;49.0;Mon garçon [Images animées];
557;Nouveauté;48.0;"Les Hollandais à Paris, 1789-1914 [Texte imprimé] : Van Spaendonck, Scheffer, Jongkind, Maris, Kaemmerer, Breitner, Van Gogh, Van Dongen, Mondrian : exposition, Paris, Petit Palais, du 6 Février au 13 Mai 2018 ; sous la direction de Mayken Jonkman ; traduction du hollandais au français de Kim Andringa, Daniel Cunin, Henri-Philippe Faucher";
587;Bande dessinée ado;46.0;Naruto. 4 [Texte imprimé];Kishimoto, Masashi
589;DVD tous publics;46.0;Pour le réconfort [Images animées];
633;Nouveauté;44.0;Un personnage de roman;Besson, Philippe
672;Bande dessinée ado;42.0;Naruto. 6 [Texte imprimé];Kishimito, Masashi
675;DVD tous publics;42.0;Matilda [images animées];
685;Livre adulte;41.0;Un certain M. Piekielny;Désérable, François-Henri
710;Livre adulte;40.0;Du voisinage [Texte imprimé] : réflexions sur la coexistence humaine;L'Heuillet, Hélène
715;Livre adulte;40.0;Jamais seul [Texte imprimé] : ces microbes qui construisent les plantes, les animaux et les civilisations;Selosse, Marc-André
717;DVD tous publics;40.0;Marie-Francine [images animées];
729;Livre jeunesse;39.0;L'espoir fait vivre [Texte imprimé];Dequier, Bruno
734;DVD tous publics;39.0;Dix pour cent [Images animées]. saison 2;
745;CD adulte;39.0;Always ascending [enregistrement sonore];
746;DVD tous publics;39.0;Corps et ame [Images animées];
759;Livre adulte;38.0;Comme de longs échos [Texte imprimé];Piacentini, Éléna
813;Bande dessinée jeunesse;36.0;Lou ! [Texte imprimé]. 7. La cabane;Neel, Julien
816;Livre adulte;36.0;Laëtitia ou La fin des hommes;Jablonka, Ivan
821;DVD tous publics;36.0;The good Wife [Images animées]. saison 7;
827;;36.0;Les amours suspendues [Texte imprimé];Fayolle, Marion
857;Bande dessinée jeunesse;35.0;Seuls. 2. Le maître des couteaux [Texte imprimé];Gazzotti, Bruno
869;DVD jeunesse;34.0;Les grandes grandes vacances [Images animées];
883;DVD tous publics;34.0;Diane a les épaules [Images animées];
897;Nouveauté;33.0;Un président ne devrait pas dire ça... [Texte imprimé] : les secrets d'un quinquennat;Davet, Gérard
906;Livre adulte;33.0;Etats-Unis Nord-Est [Texte imprimé] : 2017-2018;Gloaguen, Philippe
907;DVD tous publics;33.0;Le fondateur [Images animées];
925;DVD > 12 ans;33.0;Engrenages. Saison 5 [images animées];
930;Nouveauté;32.0;Mémoire de fille;Ernaux, Annie
951;Bande dessinée jeunesse;32.0;Lou !. 6. L'âge de cristal [Texte imprimé];Neel, Julien
8;Livre adulte;436.0;Vernon Subutex. 3;Despentes, Virginie
23;DVD > 16 ans;258.0;Game of thrones. L'intégrale de la septième saison [Images animées];
30;;224.0;Le nouveau nom [Texte imprimé];Ferrante, Elena
113;Livre adulte;120.0;Le code de la route Rousseau [Texte imprimé] : édition 2018;
129;CD adulte;113.0;Cure [Enregistrement sonore];Pretto, Eddy de
186;Livre adulte;91.0;L'archipel du Chien [Texte imprimé] : roman;Claudel, Philippe
191;;90.0;Lumière noire : roman;Gardner, Lisa
245;Bande dessinée jeunesse;80.0;Versus inferno;Sobral, Patrick
246;Bande dessinée adulte;80.0;Ceux qui restent [Texte imprimé];Lupano
254;DVD jeunesse;76.0;Mon voisin Totoro [images animées] : (Sous réserve de disponibilité);
265;Livre adulte;74.0;Londres [Texte imprimé] : 2018;Gloaguen, Philippe
297;Bande dessinée jeunesse;70.0;Le cycle d'Anathos : renaissance;Sobral, Patrick
342;DVD tous publics;65.0;American assassin [Images animées];
364;;62.0;La reine du bal [Texte imprimé];Clark, Mary Higgins
412;DVD tous publics;57.0;Peaky Blinders [Images animées];
415;DVD tous publics;57.0;Rodin [Images animées];
417;CD adulte;57.0;La fête est finie [Enregistrement sonore];Orelsan
481;Livre adulte;52.0;Fille de révolutionnaires [Texte imprimé];Debray, Laurence
489;Bande dessinée adulte;52.0;Olympe de Gouges;Catel
661;DVD tous publics;42.0;La tortue rouge [Images animées];
663;DVD tous publics;42.0;Aquarius [Images animées];
670;Livre ado;42.0;Sauveur & fils [Texte imprimé]. Saison 4;Murail, Marie-Aude
693;Livre adulte;41.0;Parlez-vous cerveau ?;Naccache, Lionel
695;DVD tous publics;41.0;Duel au soleil [Images animées];
697;Livre adulte;41.0;Les jours de mon abandon [Texte imprimé] : roman;Ferrante, Elena
704;Nouveauté;41.0;Le grand méchant renard [Texte imprimé];Renner, Benjamin
747;DVD jeunesse;39.0;Madame [Images animées];
772;Livre sonore adulte;38.0;La vie secrète des arbres [Enregistrement sonore] : ce qu'ils ressentent, comment ils communiquent : texte intégral;Wohlleben, Peter
778;Bande dessinée jeunesse;38.0;Studio danse. 3;Béka
782;;38.0;Les filles au chocolat. 1. Coeur cerise [Texte imprimé];Sébastien, Raymond
790;Livre adulte;37.0;Bali, Lombok [Texte imprimé] : + Borobudur, Prambanan et les volcans de Java : 2017-2018;Gloaguen, Philippe
798;Livre adulte;37.0;Iles grecques et Athènes [Texte imprimé] : sans la Crète ni les îles Ioniennes : 2018;Gloaguen, Philippe
801;Bande dessinée ado;37.0;Naruto. 1 [Texte imprimé];Kishimoto, Masashi
825;DVD > 12 ans;36.0;The last Girl [Images animées];
890;DVD tous publics;34.0;Harry Potter et les reliques de la mort, partie 1 [Images animées];
891;Bande dessinée adulte;34.0;Blast. 3;Larcenet, Manu
924;Livre adulte;33.0;60 activités Montessori pour mon bébé : 0-2 ans : préparer son univers, l'éveiller et l'aider à faire seul;Place, Marie-Hélène
932;Bande dessinée jeunesse;32.0;Premier service [Texte imprimé];Nob
992;DVD tous publics;30.0;"The affair. Saison 1 [Images animées] ; Hagai Levi, Kate Robin, Melanie Marnich, Dan Lefranc, Eric Overmyer, Sarah Treem, scénario ; Dominic West, Ruth Wilson, Maura Tierney... [et al.], act.";
997;Bande dessinée jeunesse;30.0;En scène ! [Texte imprimé]. 3;Cuvie
